{"cameraMode":{"drawMode":0,"name":"Shaded","section":"Shading Mode"},"sceneLighting":false,"audioPlay":false,"sceneViewState":{"showFog":true,"showMaterialUpdate":true,"showSkybox":false,"showFlares":true,"showImageEffects":true,"showParticleSystems":true},"in2DMode":false,"pivot":{"x":-1.0892314910888672,"y":-0.17880350351333619,"z":0.8286064267158508},"rotation":{"x":0.143563911318779,"y":-0.57307368516922,"z":0.10250941663980484,"w":0.800453782081604},"size":2.8612329959869386,"orthographic":false}