{"cameraMode":{"drawMode":0,"name":"Shaded","section":"Shading Mode"},"sceneLighting":false,"audioPlay":false,"sceneViewState":{"showFog":true,"showMaterialUpdate":true,"showSkybox":false,"showFlares":true,"showImageEffects":true,"showParticleSystems":true},"in2DMode":false,"pivot":{"x":0.4244939684867859,"y":-0.10571715235710144,"z":0.7735999226570129},"rotation":{"x":-0.16602781414985658,"y":0.37183740735054018,"z":-0.0677928626537323,"w":-0.9108178615570068},"size":1.4289418458938599,"orthographic":false}