{"cameraMode":{"drawMode":0,"name":"Shaded","section":"Shading Mode"},"sceneLighting":false,"audioPlay":false,"sceneViewState":{"showFog":true,"showMaterialUpdate":true,"showSkybox":false,"showFlares":true,"showImageEffects":true,"showParticleSystems":true},"in2DMode":false,"pivot":{"x":1.3040961027145386,"y":-3.092478036880493,"z":0.7573456764221191},"rotation":{"x":0.30706989765167239,"y":0.6195175051689148,"z":-0.2870951294898987,"w":0.663097083568573},"size":20.862470626831056,"orthographic":false}