{"cameraMode":{"drawMode":0,"name":"Shaded","section":"Shading Mode"},"sceneLighting":false,"audioPlay":false,"sceneViewState":{"showFog":true,"showMaterialUpdate":true,"showSkybox":false,"showFlares":true,"showImageEffects":true,"showParticleSystems":true},"in2DMode":false,"pivot":{"x":-0.00875091552734375,"y":-0.004715442657470703,"z":0.0031893253326416017},"rotation":{"x":0.01614203304052353,"y":0.941394567489624,"z":-0.04551343247294426,"w":0.33385470509529116},"size":11.826135635375977,"orthographic":false}