{"cameraMode":{"drawMode":0,"name":"Shaded","section":"Shading Mode"},"sceneLighting":false,"audioPlay":false,"sceneViewState":{"showFog":true,"showMaterialUpdate":true,"showSkybox":false,"showFlares":true,"showImageEffects":true,"showParticleSystems":true},"in2DMode":false,"pivot":{"x":-0.03839172422885895,"y":0.14975965023040772,"z":0.16951702535152436},"rotation":{"x":-0.04345503821969032,"y":0.9434216022491455,"z":-0.1370944231748581,"w":-0.2989691197872162},"size":1.7923592329025269,"orthographic":false}