{"cameraMode":{"drawMode":0,"name":"Shaded","section":"Shading Mode"},"sceneLighting":false,"audioPlay":false,"sceneViewState":{"showFog":true,"showMaterialUpdate":true,"showSkybox":false,"showFlares":true,"showImageEffects":true,"showParticleSystems":true},"in2DMode":false,"pivot":{"x":0.0,"y":0.5000001192092896,"z":-5.960464477539063e-8},"rotation":{"x":0.006747414357960224,"y":0.4970954954624176,"z":-0.003934139851480722,"w":0.8678023815155029},"size":1.8299388885498047,"orthographic":false}