{"cameraMode":{"drawMode":0,"name":"Shaded","section":"Shading Mode"},"sceneLighting":false,"audioPlay":false,"sceneViewState":{"showFog":true,"showMaterialUpdate":true,"showSkybox":false,"showFlares":true,"showImageEffects":true,"showParticleSystems":true},"in2DMode":false,"pivot":{"x":-0.2450842559337616,"y":-0.3303680121898651,"z":0.17970648407936097},"rotation":{"x":-0.36033257842063906,"y":0.40828147530555727,"z":-0.1795070618391037,"w":-0.8193297386169434},"size":0.6557442545890808,"orthographic":false}