{"cameraMode":{"drawMode":0,"name":"Shaded","section":"Shading Mode"},"sceneLighting":false,"audioPlay":false,"sceneViewState":{"showFog":true,"showMaterialUpdate":true,"showSkybox":false,"showFlares":true,"showImageEffects":true,"showParticleSystems":true},"in2DMode":false,"pivot":{"x":0.024656867608428,"y":-1.274686336517334,"z":-0.85743248462677},"rotation":{"x":-0.001975512830540538,"y":-0.8819767236709595,"z":0.4713539481163025,"w":-0.003714802674949169},"size":2.203925848007202,"orthographic":false}