{"cameraMode":{"drawMode":0,"name":"Shaded","section":"Shading Mode"},"sceneLighting":true,"audioPlay":false,"sceneViewState":{"showFog":true,"showMaterialUpdate":true,"showSkybox":true,"showFlares":true,"showImageEffects":true,"showParticleSystems":true},"in2DMode":false,"pivot":{"x":3.7057952880859377,"y":9.13528823852539,"z":-18.828784942626954},"rotation":{"x":-0.09035852551460266,"y":0.1403476893901825,"z":-0.011826032772660256,"w":-0.9862493872642517},"size":2.7065818309783937,"orthographic":false}