{"cameraMode":{"drawMode":0,"name":"Shaded","section":"Shading Mode"},"sceneLighting":false,"audioPlay":false,"sceneViewState":{"showFog":false,"showMaterialUpdate":false,"showSkybox":false,"showFlares":false,"showImageEffects":false,"showParticleSystems":false},"in2DMode":false,"pivot":{"x":5.247136116027832,"y":0.5193066596984863,"z":-1.8301432132720948},"rotation":{"x":-0.0435660295188427,"y":-0.10294213145971298,"z":0.00449336925521493,"w":-0.9937739372253418},"size":14.358379364013672,"orthographic":false}