{"cameraMode":{"drawMode":0,"name":"Shaded","section":"Shading Mode"},"sceneLighting":false,"audioPlay":false,"sceneViewState":{"showFog":true,"showMaterialUpdate":true,"showSkybox":false,"showFlares":true,"showImageEffects":true,"showParticleSystems":true},"in2DMode":false,"pivot":{"x":-8.388097763061524,"y":6.798785209655762,"z":-3.3596079349517824},"rotation":{"x":-0.40758630633354189,"y":0.3835567831993103,"z":-0.1939791440963745,"w":-0.8057222366333008},"size":47.91216278076172,"orthographic":false}