{"cameraMode":{"drawMode":0,"name":"Shaded","section":"Shading Mode"},"sceneLighting":false,"audioPlay":false,"sceneViewState":{"showFog":true,"showMaterialUpdate":true,"showSkybox":false,"showFlares":true,"showImageEffects":true,"showParticleSystems":true},"in2DMode":false,"pivot":{"x":0.1303040236234665,"y":0.004707148298621178,"z":-11.511449813842774},"rotation":{"x":0.09325383603572846,"y":-0.17206326127052308,"z":0.016349270939826967,"w":0.9806201457977295},"size":0.9839202165603638,"orthographic":false}