{"cameraMode":{"drawMode":0,"name":"Shaded","section":"Shading Mode"},"sceneLighting":true,"audioPlay":false,"sceneViewState":{"showFog":false,"showMaterialUpdate":false,"showSkybox":false,"showFlares":false,"showImageEffects":false,"showParticleSystems":false},"in2DMode":false,"pivot":{"x":-4.80355167388916,"y":-3.8303728103637697,"z":-0.040587425231933597},"rotation":{"x":-0.1391061693429947,"y":0.4434901177883148,"z":-0.0698881670832634,"w":-0.8826699256896973},"size":26.788894653320314,"orthographic":false}